{"cameraMode":{"drawMode":0,"name":"Shaded","section":"Shading Mode"},"sceneLighting":true,"audioPlay":false,"sceneViewState":{"showFog":true,"showMaterialUpdate":true,"showSkybox":true,"showFlares":true,"showImageEffects":true,"showParticleSystems":true},"in2DMode":false,"pivot":{"x":-1.5529999732971192,"y":1.0,"z":47.72999954223633},"rotation":{"x":0.16168604791164399,"y":-0.04913705214858055,"z":0.008062070235610009,"w":0.9855852723121643},"size":20.246267318725587,"orthographic":false}