{"cameraMode":{"drawMode":0,"name":"Shaded","section":"Shading Mode"},"sceneLighting":false,"audioPlay":false,"sceneViewState":{"showFog":true,"showMaterialUpdate":false,"showSkybox":true,"showFlares":true,"showImageEffects":true,"showParticleSystems":true},"in2DMode":false,"pivot":{"x":1.4000000953674317,"y":1.0,"z":47.400001525878909},"rotation":{"x":0.1341114342212677,"y":0.10680031776428223,"z":-0.01454006228595972,"w":0.9850888848304749},"size":32.754024505615237,"orthographic":false}