{"cameraMode":{"drawMode":0,"name":"Shaded","section":"Shading Mode"},"sceneLighting":false,"audioPlay":false,"sceneViewState":{"showFog":true,"showMaterialUpdate":false,"showSkybox":true,"showFlares":true,"showImageEffects":true,"showParticleSystems":true},"in2DMode":false,"pivot":{"x":-2.5999999046325685,"y":1.0,"z":41.84000015258789},"rotation":{"x":0.2946426272392273,"y":0.07376247644424439,"z":-0.022814948111772538,"w":0.9524980187416077},"size":16.380807876586915,"orthographic":false}